filename,image_id,base_id,first_stage_prediction,first_stage_confidence,routed_to_second_stage,second_stage_prediction,second_stage_confidence,prediction
1.jpg,1,1,other,0.9885509,TRUE,nv,0.7349235,nv
1_aug1.jpg,1_aug1,1,other,0.993049,TRUE,nv,0.84603107,nv
1_aug2.jpg,1_aug2,1,other,0.9913751,TRUE,nv,0.74241215,nv
10.jpg,10,10,other,0.84888405,TRUE,mel,0.81137353,mel
10_aug1.jpg,10_aug1,10,other,0.8537588,TRUE,nv,0.62051606,nv
10_aug2.jpg,10_aug2,10,other,0.77063584,TRUE,mel,0.8984548,mel
100.jpg,100,100,other,0.99607784,TRUE,mel,0.9943378,mel
100_aug1.jpg,100_aug1,100,other,0.99591976,TRUE,mel,0.9892056,mel
100_aug2.jpg,100_aug2,100,other,0.9963645,TRUE,mel,0.99062175,mel
101.jpg,101,101,other,0.9809365,TRUE,nv,0.96151304,nv
101_aug1.jpg,101_aug1,101,other,0.9473813,TRUE,nv,0.9584237,nv
101_aug2.jpg,101_aug2,101,other,0.981282,TRUE,nv,0.9793597,nv
102.jpg,102,102,other,0.9755632,TRUE,nv,0.95483166,nv
102_aug1.jpg,102_aug1,102,other,0.970584,TRUE,nv,0.9568775,nv
102_aug2.jpg,102_aug2,102,other,0.9736713,TRUE,nv,0.9456125,nv
103.jpg,103,103,other,0.99553716,TRUE,mel,0.9999943,mel
103_aug1.jpg,103_aug1,103,other,0.96149886,TRUE,mel,0.9999993,mel
103_aug2.jpg,103_aug2,103,other,0.99371254,TRUE,mel,0.99999946,mel
104.jpg,104,104,other,0.9698663,TRUE,mel,0.99855846,mel
104_aug1.jpg,104_aug1,104,other,0.98474187,TRUE,mel,0.9997591,mel
104_aug2.jpg,104_aug2,104,other,0.9783039,TRUE,mel,0.99972993,mel
105.jpg,105,105,other,0.9797322,TRUE,nv,0.6143216,nv
105_aug1.jpg,105_aug1,105,other,0.9806657,TRUE,nv,0.6154712,nv
105_aug2.jpg,105_aug2,105,other,0.98082894,TRUE,nv,0.64800894,nv
106.jpg,106,106,other,0.99332184,TRUE,mel,0.84049845,mel
106_aug1.jpg,106_aug1,106,other,0.99407125,TRUE,mel,0.8219237,mel
106_aug2.jpg,106_aug2,106,other,0.99245036,TRUE,mel,0.8655843,mel
107.jpg,107,107,other,0.9981877,TRUE,nv,0.5366637,nv
107_aug1.jpg,107_aug1,107,other,0.9974957,TRUE,nv,0.70742583,nv
107_aug2.jpg,107_aug2,107,other,0.9981786,TRUE,nv,0.54641217,nv
108.jpg,108,108,other,0.9863282,TRUE,nv,0.9216014,nv
108_aug1.jpg,108_aug1,108,other,0.98918855,TRUE,nv,0.94482565,nv
108_aug2.jpg,108_aug2,108,other,0.9898519,TRUE,nv,0.9791054,nv
109.jpg,109,109,other,0.99629736,TRUE,mel,0.8346717,mel
109_aug1.jpg,109_aug1,109,other,0.9937968,TRUE,mel,0.74472237,mel
109_aug2.jpg,109_aug2,109,other,0.99574494,TRUE,mel,0.8083829,mel
11.jpg,11,11,other,0.9982851,TRUE,nv,0.9999998,nv
11_aug1.jpg,11_aug1,11,other,0.9982221,TRUE,nv,0.99998575,nv
11_aug2.jpg,11_aug2,11,other,0.9984991,TRUE,nv,0.9999997,nv
110.jpg,110,110,other,0.9957608,TRUE,mel,0.9360159,mel
110_aug1.jpg,110_aug1,110,other,0.99599236,TRUE,mel,0.9905813,mel
110_aug2.jpg,110_aug2,110,other,0.9953712,TRUE,mel,0.9999456,mel
111.jpg,111,111,other,0.994104,TRUE,nv,0.70976233,nv
111_aug1.jpg,111_aug1,111,other,0.9840993,TRUE,nv,0.6570076,nv
111_aug2.jpg,111_aug2,111,other,0.99067277,TRUE,nv,0.67554855,nv
112.jpg,112,112,other,0.9946908,TRUE,nv,0.95123845,nv
112_aug1.jpg,112_aug1,112,other,0.9946268,TRUE,nv,0.9469655,nv
112_aug2.jpg,112_aug2,112,other,0.98666984,TRUE,nv,0.9783348,nv
113.jpg,113,113,vasc,0.8083797,FALSE,,,vasc
113_aug1.jpg,113_aug1,113,vasc,0.83094835,FALSE,,,vasc
113_aug2.jpg,113_aug2,113,vasc,0.85155857,FALSE,,,vasc
114.jpg,114,114,other,0.99383795,TRUE,mel,0.9900499,mel
114_aug1.jpg,114_aug1,114,other,0.99211735,TRUE,mel,0.99004745,mel
114_aug2.jpg,114_aug2,114,other,0.9934987,TRUE,mel,0.9909734,mel
115.jpg,115,115,other,0.9823083,TRUE,nv,0.91709805,nv
115_aug1.jpg,115_aug1,115,other,0.980803,TRUE,nv,0.9362549,nv
115_aug2.jpg,115_aug2,115,other,0.9750754,TRUE,nv,0.9099651,nv
116.jpg,116,116,other,0.99683607,TRUE,nv,0.61497325,nv
116_aug1.jpg,116_aug1,116,other,0.99433845,TRUE,nv,0.6301309,nv
116_aug2.jpg,116_aug2,116,other,0.9966581,TRUE,nv,0.63182336,nv
117.jpg,117,117,other,0.9866214,TRUE,nv,0.9531308,nv
117_aug1.jpg,117_aug1,117,other,0.98668146,TRUE,nv,0.9526559,nv
117_aug2.jpg,117_aug2,117,other,0.9845469,TRUE,nv,0.90273905,nv
118.jpg,118,118,other,0.98539877,TRUE,nv,0.6378522,nv
118_aug1.jpg,118_aug1,118,other,0.98812616,TRUE,nv,0.61227053,nv
118_aug2.jpg,118_aug2,118,other,0.9860771,TRUE,nv,0.5679863,nv
119.jpg,119,119,other,0.987496,TRUE,mel,0.9229639,mel
119_aug1.jpg,119_aug1,119,other,0.9859327,TRUE,mel,0.91087055,mel
119_aug2.jpg,119_aug2,119,other,0.98733366,TRUE,mel,0.87937313,mel
12.jpg,12,12,vasc,0.8851355,FALSE,,,vasc
12_aug1.jpg,12_aug1,12,vasc,0.8514698,FALSE,,,vasc
12_aug2.jpg,12_aug2,12,vasc,0.88205516,FALSE,,,vasc
120.jpg,120,120,other,0.99063003,TRUE,nv,0.9469634,nv
120_aug1.jpg,120_aug1,120,other,0.9785833,TRUE,nv,0.90589386,nv
120_aug2.jpg,120_aug2,120,other,0.99173653,TRUE,nv,0.91291744,nv
121.jpg,121,121,other,0.98633784,TRUE,nv,0.94697857,nv
121_aug1.jpg,121_aug1,121,other,0.9900138,TRUE,nv,0.8303926,nv
121_aug2.jpg,121_aug2,121,other,0.9920069,TRUE,nv,0.89870566,nv
122.jpg,122,122,other,0.9918458,TRUE,mel,0.93774426,mel
122_aug1.jpg,122_aug1,122,other,0.9741059,TRUE,mel,0.99004424,mel
122_aug2.jpg,122_aug2,122,other,0.99079794,TRUE,mel,0.9644779,mel
123.jpg,123,123,other,0.99638045,TRUE,nv,0.5451974,nv
123_aug1.jpg,123_aug1,123,other,0.99634176,TRUE,nv,0.5,nv
123_aug2.jpg,123_aug2,123,other,0.9913109,TRUE,nv,0.5505261,nv
124.jpg,124,124,other,0.9835717,TRUE,mel,0.9950555,mel
124_aug1.jpg,124_aug1,124,other,0.9741272,TRUE,mel,0.99701566,mel
124_aug2.jpg,124_aug2,124,other,0.9789982,TRUE,mel,0.9900537,mel
125.jpg,125,125,other,0.99357367,TRUE,nv,0.91024905,nv
125_aug1.jpg,125_aug1,125,other,0.993166,TRUE,nv,0.87366265,nv
125_aug2.jpg,125_aug2,125,other,0.9945392,TRUE,nv,0.8826633,nv
126.jpg,126,126,other,0.9920358,TRUE,nv,0.9600542,nv
126_aug1.jpg,126_aug1,126,other,0.97410506,TRUE,nv,0.94690114,nv
126_aug2.jpg,126_aug2,126,other,0.9932925,TRUE,nv,0.87139803,nv
127.jpg,127,127,vasc,0.89187443,FALSE,,,vasc
127_aug1.jpg,127_aug1,127,vasc,0.8925637,FALSE,,,vasc
127_aug2.jpg,127_aug2,127,vasc,0.8515382,FALSE,,,vasc
128.jpg,128,128,other,0.98599756,TRUE,mel,0.9989685,mel
128_aug1.jpg,128_aug1,128,other,0.984645,TRUE,mel,0.9989146,mel
128_aug2.jpg,128_aug2,128,other,0.9873694,TRUE,mel,0.9991517,mel
129.jpg,129,129,other,0.99201816,TRUE,nv,0.94717383,nv
129_aug1.jpg,129_aug1,129,other,0.991682,TRUE,nv,0.7989166,nv
129_aug2.jpg,129_aug2,129,other,0.99209136,TRUE,nv,0.94695204,nv
13.jpg,13,13,other,0.99409115,TRUE,mel,0.9998165,mel
13_aug1.jpg,13_aug1,13,other,0.9902422,TRUE,mel,0.99842227,mel
13_aug2.jpg,13_aug2,13,other,0.99409795,TRUE,mel,0.9985928,mel
130.jpg,130,130,other,0.99603724,TRUE,nv,0.9392379,nv
130_aug1.jpg,130_aug1,130,other,0.99723333,TRUE,nv,0.80598336,nv
130_aug2.jpg,130_aug2,130,other,0.99582946,TRUE,nv,0.9469666,nv
131.jpg,131,131,other,0.9959443,TRUE,mel,0.99931395,mel
131_aug1.jpg,131_aug1,131,other,0.9930459,TRUE,mel,0.9900469,mel
131_aug2.jpg,131_aug2,131,other,0.9959477,TRUE,mel,0.9989769,mel
132.jpg,132,132,other,0.974097,TRUE,nv,0.9343438,nv
132_aug1.jpg,132_aug1,132,other,0.9740715,TRUE,nv,0.8690485,nv
132_aug2.jpg,132_aug2,132,other,0.9805611,TRUE,nv,0.80981356,nv
133.jpg,133,133,other,0.99317,TRUE,nv,0.856494,nv
133_aug1.jpg,133_aug1,133,other,0.9550093,TRUE,nv,0.7745411,nv
133_aug2.jpg,133_aug2,133,other,0.9921298,TRUE,nv,0.9322602,nv
134.jpg,134,134,other,0.99497885,TRUE,mel,0.99969035,mel
134_aug1.jpg,134_aug1,134,other,0.9939573,TRUE,mel,0.9983046,mel
134_aug2.jpg,134_aug2,134,other,0.9960594,TRUE,mel,0.99994844,mel
135.jpg,135,135,other,0.9923899,TRUE,nv,0.99305207,nv
135_aug1.jpg,135_aug1,135,other,0.9934618,TRUE,nv,0.9557716,nv
135_aug2.jpg,135_aug2,135,other,0.9913945,TRUE,nv,0.9857067,nv
136.jpg,136,136,other,0.9903871,TRUE,mel,0.9999999,mel
136_aug1.jpg,136_aug1,136,other,0.9883526,TRUE,mel,0.9999999,mel
136_aug2.jpg,136_aug2,136,other,0.9903535,TRUE,mel,0.9999999,mel
137.jpg,137,137,other,0.97442627,TRUE,nv,0.6000423,nv
137_aug1.jpg,137_aug1,137,other,0.978675,TRUE,nv,0.60027397,nv
137_aug2.jpg,137_aug2,137,other,0.9740981,TRUE,nv,0.5795638,nv
138.jpg,138,138,other,0.9926567,TRUE,mel,0.99999803,mel
138_aug1.jpg,138_aug1,138,other,0.99499834,TRUE,mel,0.9999999,mel
138_aug2.jpg,138_aug2,138,other,0.9942939,TRUE,mel,0.9999944,mel
139.jpg,139,139,other,0.9985785,TRUE,nv,0.9999887,nv
139_aug1.jpg,139_aug1,139,other,0.99589944,TRUE,nv,0.9999966,nv
139_aug2.jpg,139_aug2,139,other,0.9985479,TRUE,nv,0.9999844,nv
14.jpg,14,14,other,0.99682015,TRUE,nv,0.8712082,nv
14_aug1.jpg,14_aug1,14,other,0.9962018,TRUE,nv,0.8639552,nv
14_aug2.jpg,14_aug2,14,other,0.8747073,TRUE,nv,0.88464004,nv
140.jpg,140,140,other,0.99315834,TRUE,mel,0.9999999,mel
140_aug1.jpg,140_aug1,140,other,0.99380183,TRUE,mel,0.9999999,mel
140_aug2.jpg,140_aug2,140,other,0.9944123,TRUE,mel,0.9999999,mel
141.jpg,141,141,vasc,0.8516032,FALSE,,,vasc
141_aug1.jpg,141_aug1,141,vasc,0.9816757,FALSE,,,vasc
141_aug2.jpg,141_aug2,141,vasc,0.88491136,FALSE,,,vasc
142.jpg,142,142,vasc,0.9443783,FALSE,,,vasc
142_aug1.jpg,142_aug1,142,vasc,0.9443783,FALSE,,,vasc
142_aug2.jpg,142_aug2,142,vasc,0.92624694,FALSE,,,vasc
143.jpg,143,143,vasc,0.90904313,FALSE,,,vasc
143_aug1.jpg,143_aug1,143,vasc,0.92710495,FALSE,,,vasc
143_aug2.jpg,143_aug2,143,vasc,0.8863,FALSE,,,vasc
144.jpg,144,144,other,0.996316,TRUE,nv,0.9528089,nv
144_aug1.jpg,144_aug1,144,other,0.9363467,TRUE,nv,0.9521219,nv
144_aug2.jpg,144_aug2,144,other,0.99612045,TRUE,nv,0.9469715,nv
145.jpg,145,145,other,0.99931335,TRUE,nv,0.84068346,nv
145_aug1.jpg,145_aug1,145,other,0.9992741,TRUE,nv,0.84368867,nv
145_aug2.jpg,145_aug2,145,other,0.99931026,TRUE,nv,0.81884456,nv
146.jpg,146,146,other,0.9970151,TRUE,nv,0.9669584,nv
146_aug1.jpg,146_aug1,146,other,0.9960338,TRUE,nv,0.90753984,nv
146_aug2.jpg,146_aug2,146,other,0.9969024,TRUE,nv,0.9510428,nv
147.jpg,147,147,other,0.99703866,TRUE,nv,0.9512769,nv
147_aug1.jpg,147_aug1,147,other,0.9952412,TRUE,nv,0.99020445,nv
147_aug2.jpg,147_aug2,147,other,0.99727386,TRUE,nv,0.946966,nv
148.jpg,148,148,other,0.8608884,TRUE,mel,0.9999723,mel
148_aug1.jpg,148_aug1,148,other,0.8682015,TRUE,mel,0.99999875,mel
148_aug2.jpg,148_aug2,148,other,0.83466935,TRUE,mel,0.9998468,mel
149.jpg,149,149,other,0.99727315,TRUE,nv,0.924834,nv
149_aug1.jpg,149_aug1,149,other,0.9939743,TRUE,nv,0.6138467,nv
149_aug2.jpg,149_aug2,149,other,0.99725974,TRUE,nv,0.77698886,nv
15.jpg,15,15,vasc,0.8069425,FALSE,,,vasc
15_aug1.jpg,15_aug1,15,vasc,0.8545995,FALSE,,,vasc
15_aug2.jpg,15_aug2,15,vasc,0.78802055,FALSE,,,vasc
150.jpg,150,150,other,0.9958093,TRUE,nv,1,nv
150_aug1.jpg,150_aug1,150,other,0.98379034,TRUE,nv,1,nv
150_aug2.jpg,150_aug2,150,other,0.995029,TRUE,nv,1,nv
151.jpg,151,151,vasc,0.9153122,FALSE,,,vasc
151_aug1.jpg,151_aug1,151,vasc,0.920715,FALSE,,,vasc
151_aug2.jpg,151_aug2,151,vasc,0.91950583,FALSE,,,vasc
152.jpg,152,152,vasc,0.97105724,FALSE,,,vasc
152_aug1.jpg,152_aug1,152,vasc,0.98129094,FALSE,,,vasc
152_aug2.jpg,152_aug2,152,vasc,0.969413,FALSE,,,vasc
153.jpg,153,153,other,0.9906684,TRUE,nv,0.9789096,nv
153_aug1.jpg,153_aug1,153,other,0.9886096,TRUE,nv,0.97076946,nv
153_aug2.jpg,153_aug2,153,other,0.99231315,TRUE,nv,0.97074175,nv
154.jpg,154,154,other,0.99183464,TRUE,nv,0.6076135,nv
154_aug1.jpg,154_aug1,154,other,0.9907117,TRUE,nv,0.6993431,nv
154_aug2.jpg,154_aug2,154,other,0.9922282,TRUE,nv,0.5929809,nv
155.jpg,155,155,other,0.9899359,TRUE,nv,0.7119631,nv
155_aug1.jpg,155_aug1,155,other,0.9896443,TRUE,nv,0.70628244,nv
155_aug2.jpg,155_aug2,155,other,0.98960125,TRUE,nv,0.75061876,nv
156.jpg,156,156,other,0.9952114,TRUE,nv,0.99999887,nv
156_aug1.jpg,156_aug1,156,other,0.99624383,TRUE,nv,1,nv
156_aug2.jpg,156_aug2,156,other,0.99319595,TRUE,nv,0.9999993,nv
157.jpg,157,157,vasc,0.9071889,FALSE,,,vasc
157_aug1.jpg,157_aug1,157,vasc,0.8515848,FALSE,,,vasc
157_aug2.jpg,157_aug2,157,vasc,0.92353797,FALSE,,,vasc
158.jpg,158,158,other,0.9893754,TRUE,nv,0.5733152,nv
158_aug1.jpg,158_aug1,158,other,0.98746324,TRUE,nv,0.6041435,nv
158_aug2.jpg,158_aug2,158,other,0.9891216,TRUE,nv,0.57347345,nv
159.jpg,159,159,other,0.98253024,TRUE,nv,0.94695425,nv
159_aug1.jpg,159_aug1,159,other,0.995681,TRUE,nv,0.96573585,nv
159_aug2.jpg,159_aug2,159,other,0.9943943,TRUE,nv,0.975713,nv
16.jpg,16,16,vasc,0.8195605,FALSE,,,vasc
16_aug1.jpg,16_aug1,16,vasc,0.52883583,FALSE,,,vasc
16_aug2.jpg,16_aug2,16,vasc,0.7598843,FALSE,,,vasc
160.jpg,160,160,other,0.99330133,TRUE,nv,0.5956906,nv
160_aug1.jpg,160_aug1,160,other,0.9903778,TRUE,nv,0.5754613,nv
160_aug2.jpg,160_aug2,160,other,0.99353534,TRUE,nv,0.63258284,nv
161.jpg,161,161,vasc,0.844497,FALSE,,,vasc
161_aug1.jpg,161_aug1,161,vasc,0.84978753,FALSE,,,vasc
161_aug2.jpg,161_aug2,161,vasc,0.6268315,FALSE,,,vasc
162.jpg,162,162,other,0.98640144,TRUE,mel,0.83836955,mel
162_aug1.jpg,162_aug1,162,other,0.9827345,TRUE,mel,0.7420825,mel
162_aug2.jpg,162_aug2,162,other,0.9972635,TRUE,mel,0.7708784,mel
163.jpg,163,163,other,0.99649334,TRUE,mel,0.9999999,mel
163_aug1.jpg,163_aug1,163,other,0.9972673,TRUE,mel,0.9999999,mel
163_aug2.jpg,163_aug2,163,other,0.9942003,TRUE,mel,0.9999999,mel
164.jpg,164,164,vasc,0.8757108,FALSE,,,vasc
164_aug1.jpg,164_aug1,164,vasc,0.58920294,FALSE,,,vasc
164_aug2.jpg,164_aug2,164,vasc,0.85151184,FALSE,,,vasc
165.jpg,165,165,other,0.9887655,TRUE,nv,0.86101043,nv
165_aug1.jpg,165_aug1,165,other,0.988599,TRUE,nv,0.79981935,nv
165_aug2.jpg,165_aug2,165,other,0.98818004,TRUE,nv,0.85485107,nv
166.jpg,166,166,other,0.99534327,TRUE,nv,0.94905716,nv
166_aug1.jpg,166_aug1,166,other,0.99484247,TRUE,nv,0.95269144,nv
166_aug2.jpg,166_aug2,166,other,0.99614465,TRUE,nv,0.94698006,nv
167.jpg,167,167,other,0.9902396,TRUE,mel,0.9904398,mel
167_aug1.jpg,167_aug1,167,other,0.99051005,TRUE,mel,0.99402356,mel
167_aug2.jpg,167_aug2,167,other,0.9953785,TRUE,mel,0.9900413,mel
168.jpg,168,168,other,0.99223334,TRUE,nv,0.58740413,nv
168_aug1.jpg,168_aug1,168,other,0.9879748,TRUE,nv,0.53875047,nv
168_aug2.jpg,168_aug2,168,other,0.99155146,TRUE,nv,0.5718742,nv
169.jpg,169,169,vasc,0.9545492,FALSE,,,vasc
169_aug1.jpg,169_aug1,169,vasc,0.9528015,FALSE,,,vasc
169_aug2.jpg,169_aug2,169,vasc,0.94241124,FALSE,,,vasc
17.jpg,17,17,other,0.9955395,TRUE,nv,0.94587564,nv
17_aug1.jpg,17_aug1,17,other,0.9946592,TRUE,nv,0.95120555,nv
17_aug2.jpg,17_aug2,17,other,0.9936095,TRUE,nv,0.91885203,nv
170.jpg,170,170,other,0.98537487,TRUE,nv,0.8199562,nv
170_aug1.jpg,170_aug1,170,other,0.98443186,TRUE,nv,0.8213075,nv
170_aug2.jpg,170_aug2,170,other,0.98590696,TRUE,nv,0.81723046,nv
171.jpg,171,171,other,0.9856502,TRUE,nv,0.9612295,nv
171_aug1.jpg,171_aug1,171,other,0.98556316,TRUE,nv,0.97173613,nv
171_aug2.jpg,171_aug2,171,other,0.98612684,TRUE,nv,0.95630956,nv
172.jpg,172,172,other,0.9824534,TRUE,nv,0.7304896,nv
172_aug1.jpg,172_aug1,172,other,0.9741119,TRUE,nv,0.58319914,nv
172_aug2.jpg,172_aug2,172,other,0.9741,TRUE,nv,0.68067145,nv
173.jpg,173,173,other,0.945202,TRUE,nv,0.9487171,nv
173_aug1.jpg,173_aug1,173,other,0.99570423,TRUE,nv,0.96776193,nv
173_aug2.jpg,173_aug2,173,other,0.95460194,TRUE,nv,0.9469608,nv
174.jpg,174,174,other,0.9928974,TRUE,nv,0.8124161,nv
174_aug1.jpg,174_aug1,174,other,0.9942603,TRUE,nv,0.93678325,nv
174_aug2.jpg,174_aug2,174,other,0.99283296,TRUE,nv,0.79837996,nv
175.jpg,175,175,other,0.98725784,TRUE,nv,0.6457384,nv
175_aug1.jpg,175_aug1,175,other,0.98725784,TRUE,nv,0.6457384,nv
175_aug2.jpg,175_aug2,175,other,0.984937,TRUE,nv,0.6076252,nv
176.jpg,176,176,vasc,0.9380289,FALSE,,,vasc
176_aug1.jpg,176_aug1,176,vasc,0.8515371,FALSE,,,vasc
176_aug2.jpg,176_aug2,176,vasc,0.94726586,FALSE,,,vasc
177.jpg,177,177,other,0.9947721,TRUE,nv,0.5878005,nv
177_aug1.jpg,177_aug1,177,other,0.9974,TRUE,nv,0.64451283,nv
177_aug2.jpg,177_aug2,177,other,0.99489284,TRUE,nv,0.6111794,nv
178.jpg,178,178,other,0.99507225,TRUE,nv,0.5510241,nv
178_aug1.jpg,178_aug1,178,other,0.9948691,TRUE,nv,0.527696,nv
178_aug2.jpg,178_aug2,178,other,0.9937204,TRUE,nv,0.5086436,nv
179.jpg,179,179,other,0.97540456,TRUE,mel,0.9999999,mel
179_aug1.jpg,179_aug1,179,other,0.9677831,TRUE,mel,0.9999257,mel
179_aug2.jpg,179_aug2,179,other,0.97408634,TRUE,mel,0.9999999,mel
18.jpg,18,18,other,0.98106134,TRUE,mel,0.88280135,mel
18_aug1.jpg,18_aug1,18,other,0.88398385,TRUE,mel,0.7390706,mel
18_aug2.jpg,18_aug2,18,other,0.9897742,TRUE,mel,0.7427275,mel
180.jpg,180,180,vasc,0.89348286,FALSE,,,vasc
180_aug1.jpg,180_aug1,180,vasc,0.89887846,FALSE,,,vasc
180_aug2.jpg,180_aug2,180,vasc,0.89668554,FALSE,,,vasc
181.jpg,181,181,other,0.9927353,TRUE,nv,0.93612504,nv
181_aug1.jpg,181_aug1,181,other,0.9900746,TRUE,nv,0.94695807,nv
181_aug2.jpg,181_aug2,181,vasc,0.70271975,FALSE,,,vasc
182.jpg,182,182,other,0.96129334,TRUE,nv,0.681104,nv
182_aug1.jpg,182_aug1,182,other,0.9283847,TRUE,nv,0.66146874,nv
182_aug2.jpg,182_aug2,182,vasc,0.703047,FALSE,,,vasc
183.jpg,183,183,other,0.9922387,TRUE,nv,0.6764833,nv
183_aug1.jpg,183_aug1,183,other,0.99195266,TRUE,nv,0.59345424,nv
183_aug2.jpg,183_aug2,183,other,0.9916639,TRUE,nv,0.5741881,nv
184.jpg,184,184,other,0.99424595,TRUE,nv,0.61875993,nv
184_aug1.jpg,184_aug1,184,other,0.99393374,TRUE,nv,0.6784628,nv
184_aug2.jpg,184_aug2,184,other,0.99462336,TRUE,nv,0.63086027,nv
185.jpg,185,185,other,0.97409195,TRUE,mel,0.9999999,mel
185_aug1.jpg,185_aug1,185,other,0.97368747,TRUE,mel,0.9999999,mel
185_aug2.jpg,185_aug2,185,other,0.7573971,TRUE,mel,0.999986,mel
186.jpg,186,186,other,0.9797175,TRUE,nv,0.5648351,nv
186_aug1.jpg,186_aug1,186,other,0.9753789,TRUE,nv,0.5526204,nv
186_aug2.jpg,186_aug2,186,other,0.97925884,TRUE,nv,0.5645245,nv
187.jpg,187,187,other,0.99839884,TRUE,nv,0.70491767,nv
187_aug1.jpg,187_aug1,187,other,0.9988878,TRUE,nv,0.7386143,nv
187_aug2.jpg,187_aug2,187,other,0.9984643,TRUE,nv,0.7045154,nv
188.jpg,188,188,other,0.99313676,TRUE,mel,0.9326395,mel
188_aug1.jpg,188_aug1,188,other,0.97798514,TRUE,mel,0.99831957,mel
188_aug2.jpg,188_aug2,188,other,0.9933712,TRUE,mel,0.9495977,mel
189.jpg,189,189,vasc,0.58531505,FALSE,,,vasc
189_aug1.jpg,189_aug1,189,vasc,0.5330155,FALSE,,,vasc
189_aug2.jpg,189_aug2,189,vasc,0.588987,FALSE,,,vasc
19.jpg,19,19,other,0.9881898,TRUE,mel,0.8360499,mel
19_aug1.jpg,19_aug1,19,other,0.8804261,TRUE,nv,0.94695646,nv
19_aug2.jpg,19_aug2,19,other,0.99322426,TRUE,nv,0.9491455,nv
190.jpg,190,190,other,0.990159,TRUE,nv,0.9735713,nv
190_aug1.jpg,190_aug1,190,other,0.98649734,TRUE,nv,0.94694215,nv
190_aug2.jpg,190_aug2,190,other,0.9901267,TRUE,nv,0.9469411,nv
191.jpg,191,191,other,0.99250406,TRUE,mel,0.99058473,mel
191_aug1.jpg,191_aug1,191,other,0.9928801,TRUE,mel,0.9884013,mel
191_aug2.jpg,191_aug2,191,other,0.9914802,TRUE,mel,0.99893814,mel
192.jpg,192,192,vasc,0.98292536,FALSE,,,vasc
192_aug1.jpg,192_aug1,192,vasc,0.98191917,FALSE,,,vasc
192_aug2.jpg,192_aug2,192,vasc,0.98136926,FALSE,,,vasc
193.jpg,193,193,other,0.98834825,TRUE,nv,0.958493,nv
193_aug1.jpg,193_aug1,193,other,0.987895,TRUE,nv,0.98119915,nv
193_aug2.jpg,193_aug2,193,other,0.98781013,TRUE,nv,0.98893607,nv
194.jpg,194,194,vasc,0.934816,FALSE,,,vasc
194_aug1.jpg,194_aug1,194,vasc,0.9334176,FALSE,,,vasc
194_aug2.jpg,194_aug2,194,vasc,0.93586844,FALSE,,,vasc
195.jpg,195,195,other,0.9939703,TRUE,nv,0.8715716,nv
195_aug1.jpg,195_aug1,195,other,0.9940718,TRUE,nv,0.8413717,nv
195_aug2.jpg,195_aug2,195,other,0.99360436,TRUE,nv,0.7976722,nv
196.jpg,196,196,other,0.9937871,TRUE,mel,0.9940022,mel
196_aug1.jpg,196_aug1,196,other,0.9897227,TRUE,mel,0.9955925,mel
196_aug2.jpg,196_aug2,196,other,0.99433494,TRUE,mel,0.99608207,mel
197.jpg,197,197,other,0.99051696,TRUE,nv,0.67715114,nv
197_aug1.jpg,197_aug1,197,other,0.99244994,TRUE,nv,0.5050219,nv
197_aug2.jpg,197_aug2,197,other,0.9901905,TRUE,nv,0.9468946,nv
198.jpg,198,198,other,0.9954779,TRUE,nv,0.6385556,nv
198_aug1.jpg,198_aug1,198,other,0.9956688,TRUE,nv,0.93703574,nv
198_aug2.jpg,198_aug2,198,other,0.9950872,TRUE,nv,0.6662428,nv
199.jpg,199,199,vasc,0.90179306,FALSE,,,vasc
199_aug1.jpg,199_aug1,199,vasc,0.9858464,FALSE,,,vasc
199_aug2.jpg,199_aug2,199,vasc,0.8515251,FALSE,,,vasc
2.jpg,2,2,other,0.97961676,TRUE,nv,0.9999917,nv
2_aug1.jpg,2_aug1,2,other,0.97543895,TRUE,nv,0.99999917,nv
2_aug2.jpg,2_aug2,2,other,0.9636098,TRUE,nv,1,nv
20.jpg,20,20,other,0.9939412,TRUE,nv,0.59075236,nv
20_aug1.jpg,20_aug1,20,other,0.99406266,TRUE,nv,0.6190085,nv
20_aug2.jpg,20_aug2,20,other,0.99397445,TRUE,nv,0.52011865,nv
200.jpg,200,200,other,0.75287306,TRUE,mel,0.9992177,mel
200_aug1.jpg,200_aug1,200,other,0.851974,TRUE,mel,0.9900707,mel
200_aug2.jpg,200_aug2,200,other,0.82936704,TRUE,mel,0.9900679,mel
21.jpg,21,21,other,0.9910616,TRUE,mel,0.98319376,mel
21_aug1.jpg,21_aug1,21,other,0.9912179,TRUE,mel,0.9761876,mel
21_aug2.jpg,21_aug2,21,other,0.96818185,TRUE,mel,0.9994901,mel
22.jpg,22,22,other,0.99400616,TRUE,nv,0.914173,nv
22_aug1.jpg,22_aug1,22,other,0.992187,TRUE,nv,0.8986479,nv
22_aug2.jpg,22_aug2,22,other,0.98983014,TRUE,nv,0.8891809,nv
23.jpg,23,23,other,0.99727136,TRUE,nv,0.635104,nv
23_aug1.jpg,23_aug1,23,other,0.9364624,TRUE,mel,0.85337883,mel
23_aug2.jpg,23_aug2,23,other,0.9980238,TRUE,nv,0.6223104,nv
24.jpg,24,24,vasc,0.8367531,FALSE,,,vasc
24_aug1.jpg,24_aug1,24,vasc,0.82600397,FALSE,,,vasc
24_aug2.jpg,24_aug2,24,vasc,0.8522502,FALSE,,,vasc
25.jpg,25,25,other,0.99710107,TRUE,nv,0.80722,nv
25_aug1.jpg,25_aug1,25,other,0.9970563,TRUE,nv,0.66842866,nv
25_aug2.jpg,25_aug2,25,other,0.99622035,TRUE,nv,0.84790486,nv
26.jpg,26,26,other,0.9927467,TRUE,nv,0.5822964,nv
26_aug1.jpg,26_aug1,26,other,0.9933585,TRUE,nv,0.63768554,nv
26_aug2.jpg,26_aug2,26,other,0.99298495,TRUE,nv,0.62520677,nv
27.jpg,27,27,other,0.99015296,TRUE,nv,0.766596,nv
27_aug1.jpg,27_aug1,27,other,0.957663,TRUE,nv,0.72810286,nv
27_aug2.jpg,27_aug2,27,other,0.90918815,TRUE,nv,0.85407114,nv
28.jpg,28,28,other,0.99071676,TRUE,mel,0.99890614,mel
28_aug1.jpg,28_aug1,28,other,0.9900629,TRUE,mel,0.999004,mel
28_aug2.jpg,28_aug2,28,other,0.9920503,TRUE,nv,0.8964572,nv
29.jpg,29,29,other,0.89939404,TRUE,mel,0.8344739,mel
29_aug1.jpg,29_aug1,29,other,0.8715549,TRUE,nv,0.66877615,nv
29_aug2.jpg,29_aug2,29,vasc,0.7743535,FALSE,,,vasc
3.jpg,3,3,other,0.9802762,TRUE,nv,0.9469728,nv
3_aug1.jpg,3_aug1,3,other,0.9818144,TRUE,nv,0.90592706,nv
3_aug2.jpg,3_aug2,3,other,0.9837303,TRUE,nv,0.9469767,nv
30.jpg,30,30,other,0.9936831,TRUE,mel,0.9999831,mel
30_aug1.jpg,30_aug1,30,other,0.9937923,TRUE,mel,0.9993911,mel
30_aug2.jpg,30_aug2,30,other,0.8219471,TRUE,mel,0.9999998,mel
31.jpg,31,31,other,0.85889983,TRUE,nv,0.85010886,nv
31_aug1.jpg,31_aug1,31,other,0.85567296,TRUE,nv,0.91346115,nv
31_aug2.jpg,31_aug2,31,other,0.8529371,TRUE,nv,0.6615441,nv
32.jpg,32,32,other,0.9876645,TRUE,mel,0.81289643,mel
32_aug1.jpg,32_aug1,32,other,0.9871707,TRUE,mel,0.8294493,mel
32_aug2.jpg,32_aug2,32,other,0.9878426,TRUE,mel,0.7791796,mel
33.jpg,33,33,other,0.9942911,TRUE,nv,0.65110093,nv
33_aug1.jpg,33_aug1,33,other,0.9942004,TRUE,nv,0.659177,nv
33_aug2.jpg,33_aug2,33,other,0.9952245,TRUE,nv,0.67808145,nv
34.jpg,34,34,other,0.99583364,TRUE,nv,0.99657995,nv
34_aug1.jpg,34_aug1,34,other,0.99660516,TRUE,nv,0.99717265,nv
34_aug2.jpg,34_aug2,34,other,0.9966118,TRUE,nv,0.9728304,nv
35.jpg,35,35,other,0.99680984,TRUE,mel,0.98133504,mel
35_aug1.jpg,35_aug1,35,other,0.9933397,TRUE,mel,0.821554,mel
35_aug2.jpg,35_aug2,35,other,0.99680984,TRUE,mel,0.98133504,mel
36.jpg,36,36,other,0.99321294,TRUE,mel,0.94224924,mel
36_aug1.jpg,36_aug1,36,other,0.9936785,TRUE,mel,0.96923137,mel
36_aug2.jpg,36_aug2,36,other,0.993676,TRUE,mel,0.949609,mel
37.jpg,37,37,other,0.9976377,TRUE,mel,0.9549307,mel
37_aug1.jpg,37_aug1,37,other,0.9975217,TRUE,mel,0.99791807,mel
37_aug2.jpg,37_aug2,37,other,0.99776876,TRUE,mel,0.8183979,mel
38.jpg,38,38,other,0.99269956,TRUE,mel,0.77157706,mel
38_aug1.jpg,38_aug1,38,other,0.9925228,TRUE,mel,0.80409104,mel
38_aug2.jpg,38_aug2,38,other,0.99171925,TRUE,mel,0.83443815,mel
39.jpg,39,39,other,0.9977577,TRUE,mel,0.9900463,mel
39_aug1.jpg,39_aug1,39,other,0.99853855,TRUE,mel,0.991692,mel
39_aug2.jpg,39_aug2,39,other,0.99762493,TRUE,mel,0.98722875,mel
4.jpg,4,4,other,0.99671453,TRUE,nv,0.6032797,nv
4_aug1.jpg,4_aug1,4,other,0.9957409,TRUE,nv,0.6710931,nv
4_aug2.jpg,4_aug2,4,other,0.99547535,TRUE,nv,0.53762877,nv
40.jpg,40,40,other,0.9952814,TRUE,mel,0.9999901,mel
40_aug1.jpg,40_aug1,40,other,0.98579264,TRUE,mel,0.9999999,mel
40_aug2.jpg,40_aug2,40,other,0.9951813,TRUE,mel,0.9999866,mel
41.jpg,41,41,other,0.99193203,TRUE,nv,0.8129667,nv
41_aug1.jpg,41_aug1,41,other,0.98967266,TRUE,nv,0.71235543,nv
41_aug2.jpg,41_aug2,41,other,0.9954531,TRUE,nv,0.7176707,nv
42.jpg,42,42,vasc,0.94561106,FALSE,,,vasc
42_aug1.jpg,42_aug1,42,vasc,0.95448446,FALSE,,,vasc
42_aug2.jpg,42_aug2,42,vasc,0.9416464,FALSE,,,vasc
43.jpg,43,43,other,0.9977464,TRUE,nv,0.946916,nv
43_aug1.jpg,43_aug1,43,other,0.99761647,TRUE,nv,0.9530597,nv
43_aug2.jpg,43_aug2,43,other,0.9832869,TRUE,nv,0.9999866,nv
44.jpg,44,44,other,0.99468577,TRUE,nv,1,nv
44_aug1.jpg,44_aug1,44,other,0.9949145,TRUE,nv,0.9999998,nv
44_aug2.jpg,44_aug2,44,other,0.99475694,TRUE,nv,0.9999982,nv
45.jpg,45,45,other,0.98889625,TRUE,mel,0.98353916,mel
45_aug1.jpg,45_aug1,45,other,0.99121445,TRUE,mel,0.97996235,mel
45_aug2.jpg,45_aug2,45,other,0.9868735,TRUE,mel,0.99916756,mel
46.jpg,46,46,vasc,0.85149765,FALSE,,,vasc
46_aug1.jpg,46_aug1,46,vasc,0.90373975,FALSE,,,vasc
46_aug2.jpg,46_aug2,46,vasc,0.873055,FALSE,,,vasc
47.jpg,47,47,other,0.9657655,TRUE,nv,1,nv
47_aug1.jpg,47_aug1,47,other,0.8430373,TRUE,nv,1,nv
47_aug2.jpg,47_aug2,47,other,0.9709672,TRUE,nv,1,nv
48.jpg,48,48,other,0.99793106,TRUE,nv,0.9999999,nv
48_aug1.jpg,48_aug1,48,other,0.9980896,TRUE,nv,0.99999183,nv
48_aug2.jpg,48_aug2,48,other,0.9982307,TRUE,nv,0.9824605,nv
49.jpg,49,49,other,0.99320424,TRUE,nv,0.5561198,nv
49_aug1.jpg,49_aug1,49,other,0.98514885,TRUE,nv,0.5960192,nv
49_aug2.jpg,49_aug2,49,other,0.99230105,TRUE,nv,0.5467603,nv
5.jpg,5,5,other,0.99711776,TRUE,mel,0.98741215,mel
5_aug1.jpg,5_aug1,5,other,0.9978755,TRUE,mel,0.9877892,mel
5_aug2.jpg,5_aug2,5,other,0.9795703,TRUE,mel,0.99004436,mel
50.jpg,50,50,other,0.99614936,TRUE,nv,0.96471363,nv
50_aug1.jpg,50_aug1,50,other,0.9960041,TRUE,nv,0.98685336,nv
50_aug2.jpg,50_aug2,50,other,0.99734133,TRUE,nv,0.8671125,nv
51.jpg,51,51,other,0.9895918,TRUE,nv,0.7847503,nv
51_aug1.jpg,51_aug1,51,other,0.9890397,TRUE,nv,0.79461056,nv
51_aug2.jpg,51_aug2,51,other,0.97814095,TRUE,nv,0.9061131,nv
52.jpg,52,52,vasc,0.85155636,FALSE,,,vasc
52_aug1.jpg,52_aug1,52,other,0.9688795,TRUE,nv,0.72731113,nv
52_aug2.jpg,52_aug2,52,vasc,0.8052005,FALSE,,,vasc
53.jpg,53,53,other,0.9965664,TRUE,nv,0.9999979,nv
53_aug1.jpg,53_aug1,53,other,0.9802072,TRUE,nv,0.9999981,nv
53_aug2.jpg,53_aug2,53,other,0.9544051,TRUE,nv,0.9999952,nv
54.jpg,54,54,other,0.9742997,TRUE,nv,0.5665113,nv
54_aug1.jpg,54_aug1,54,other,0.97244996,TRUE,nv,0.6203234,nv
54_aug2.jpg,54_aug2,54,other,0.9136564,TRUE,nv,0.65890807,nv
55.jpg,55,55,other,0.99439645,TRUE,nv,0.8148591,nv
55_aug1.jpg,55_aug1,55,other,0.99462086,TRUE,nv,0.8039867,nv
55_aug2.jpg,55_aug2,55,other,0.96726024,TRUE,nv,0.676266,nv
56.jpg,56,56,other,0.99717516,TRUE,mel,0.9999733,mel
56_aug1.jpg,56_aug1,56,other,0.9974412,TRUE,mel,0.98407066,mel
56_aug2.jpg,56_aug2,56,other,0.99787116,TRUE,mel,0.9999999,mel
57.jpg,57,57,other,0.99397016,TRUE,nv,0.7424553,nv
57_aug1.jpg,57_aug1,57,other,0.9946335,TRUE,nv,0.6995091,nv
57_aug2.jpg,57_aug2,57,other,0.9806767,TRUE,nv,0.52133757,nv
58.jpg,58,58,other,0.99704885,TRUE,nv,0.99999994,nv
58_aug1.jpg,58_aug1,58,other,0.9369975,TRUE,nv,0.99999994,nv
58_aug2.jpg,58_aug2,58,other,0.9970182,TRUE,nv,0.99621713,nv
59.jpg,59,59,vasc,0.7881773,FALSE,,,vasc
59_aug1.jpg,59_aug1,59,vasc,0.7822656,FALSE,,,vasc
59_aug2.jpg,59_aug2,59,vasc,0.81615657,FALSE,,,vasc
6.jpg,6,6,other,0.9707697,TRUE,mel,0.93707556,mel
6_aug1.jpg,6_aug1,6,vasc,0.7182324,FALSE,,,vasc
6_aug2.jpg,6_aug2,6,other,0.9740635,TRUE,mel,0.93847305,mel
60.jpg,60,60,other,0.99814695,TRUE,nv,0.89444214,nv
60_aug1.jpg,60_aug1,60,other,0.99786115,TRUE,nv,0.77844,nv
60_aug2.jpg,60_aug2,60,other,0.99798113,TRUE,nv,0.9077973,nv
61.jpg,61,61,other,0.9851447,TRUE,mel,0.9900425,mel
61_aug1.jpg,61_aug1,61,other,0.97409093,TRUE,mel,0.99321014,mel
61_aug2.jpg,61_aug2,61,other,0.99261975,TRUE,nv,0.6126749,nv
62.jpg,62,62,other,0.9788247,TRUE,nv,1,nv
62_aug1.jpg,62_aug1,62,other,0.97410005,TRUE,nv,1,nv
62_aug2.jpg,62_aug2,62,other,0.9760448,TRUE,nv,1,nv
63.jpg,63,63,other,0.9957086,TRUE,nv,0.98683345,nv
63_aug1.jpg,63_aug1,63,other,0.9959382,TRUE,nv,0.9885775,nv
63_aug2.jpg,63_aug2,63,other,0.9956558,TRUE,nv,0.99998754,nv
64.jpg,64,64,other,0.9971783,TRUE,nv,0.9955348,nv
64_aug1.jpg,64_aug1,64,other,0.9973616,TRUE,nv,0.99162954,nv
64_aug2.jpg,64_aug2,64,other,0.99626094,TRUE,nv,0.97674966,nv
65.jpg,65,65,other,0.9853055,TRUE,nv,0.91561943,nv
65_aug1.jpg,65_aug1,65,other,0.9765644,TRUE,nv,0.9469493,nv
65_aug2.jpg,65_aug2,65,other,0.9850606,TRUE,nv,0.91488993,nv
66.jpg,66,66,other,0.9975868,TRUE,nv,0.52661616,nv
66_aug1.jpg,66_aug1,66,other,0.9980856,TRUE,nv,0.537828,nv
66_aug2.jpg,66_aug2,66,other,0.9968945,TRUE,nv,0.5301063,nv
67.jpg,67,67,other,0.9977424,TRUE,nv,0.7467135,nv
67_aug1.jpg,67_aug1,67,other,0.9975805,TRUE,nv,0.7413629,nv
67_aug2.jpg,67_aug2,67,other,0.9992165,TRUE,nv,0.730305,nv
68.jpg,68,68,vasc,0.8514691,FALSE,,,vasc
68_aug1.jpg,68_aug1,68,vasc,0.8579658,FALSE,,,vasc
68_aug2.jpg,68_aug2,68,vasc,0.851551,FALSE,,,vasc
69.jpg,69,69,other,0.99819916,TRUE,nv,0.73411876,nv
69_aug1.jpg,69_aug1,69,other,0.9980605,TRUE,nv,0.73423284,nv
69_aug2.jpg,69_aug2,69,other,0.99822325,TRUE,nv,0.87865347,nv
7.jpg,7,7,vasc,0.8508185,FALSE,,,vasc
7_aug1.jpg,7_aug1,7,vasc,0.8517315,FALSE,,,vasc
7_aug2.jpg,7_aug2,7,vasc,0.82303965,FALSE,,,vasc
70.jpg,70,70,other,0.9916709,TRUE,mel,0.93669486,mel
70_aug1.jpg,70_aug1,70,other,0.9908722,TRUE,mel,0.944908,mel
70_aug2.jpg,70_aug2,70,other,0.98888767,TRUE,mel,0.9900416,mel
71.jpg,71,71,other,0.84428394,TRUE,nv,0.9999886,nv
71_aug1.jpg,71_aug1,71,other,0.7962335,TRUE,nv,0.9837879,nv
71_aug2.jpg,71_aug2,71,other,0.8244099,TRUE,nv,0.9848183,nv
72.jpg,72,72,other,0.994591,TRUE,mel,0.9999991,mel
72_aug1.jpg,72_aug1,72,other,0.99420965,TRUE,mel,0.99999845,mel
72_aug2.jpg,72_aug2,72,other,0.9260445,TRUE,mel,0.9975019,mel
73.jpg,73,73,other,0.9946297,TRUE,mel,0.9921136,mel
73_aug1.jpg,73_aug1,73,other,0.99432063,TRUE,mel,0.99004644,mel
73_aug2.jpg,73_aug2,73,other,0.99482894,TRUE,mel,0.990057,mel
74.jpg,74,74,other,0.97071725,TRUE,nv,0.7668107,nv
74_aug1.jpg,74_aug1,74,other,0.9741642,TRUE,nv,0.7146816,nv
74_aug2.jpg,74_aug2,74,other,0.9774371,TRUE,nv,0.808907,nv
75.jpg,75,75,other,0.98622876,TRUE,mel,0.8492776,mel
75_aug1.jpg,75_aug1,75,other,0.96816283,TRUE,nv,0.58507967,nv
75_aug2.jpg,75_aug2,75,other,0.96731484,TRUE,mel,0.847283,mel
76.jpg,76,76,other,0.994056,TRUE,mel,0.9807997,mel
76_aug1.jpg,76_aug1,76,other,0.9946481,TRUE,mel,0.9887533,mel
76_aug2.jpg,76_aug2,76,other,0.99386096,TRUE,mel,0.99004406,mel
77.jpg,77,77,other,0.9612417,TRUE,nv,0.8366257,nv
77_aug1.jpg,77_aug1,77,other,0.9705097,TRUE,nv,0.9963317,nv
77_aug2.jpg,77_aug2,77,other,0.9686809,TRUE,nv,0.9516138,nv
78.jpg,78,78,other,0.99461764,TRUE,nv,0.854546,nv
78_aug1.jpg,78_aug1,78,other,0.99453616,TRUE,nv,0.9497659,nv
78_aug2.jpg,78_aug2,78,other,0.99433416,TRUE,nv,0.8245795,nv
79.jpg,79,79,other,0.9961535,TRUE,mel,0.7787764,mel
79_aug1.jpg,79_aug1,79,other,0.9949414,TRUE,mel,0.7852498,mel
79_aug2.jpg,79_aug2,79,other,0.99388796,TRUE,mel,0.7264944,mel
8.jpg,8,8,vasc,0.92048854,FALSE,,,vasc
8_aug1.jpg,8_aug1,8,vasc,0.92704505,FALSE,,,vasc
8_aug2.jpg,8_aug2,8,vasc,0.91773033,FALSE,,,vasc
80.jpg,80,80,other,0.9962843,TRUE,mel,0.71018237,mel
80_aug1.jpg,80_aug1,80,other,0.9955241,TRUE,nv,0.6978799,nv
80_aug2.jpg,80_aug2,80,other,0.99654996,TRUE,mel,0.7041279,mel
81.jpg,81,81,other,0.998476,TRUE,nv,0.99999917,nv
81_aug1.jpg,81_aug1,81,other,0.9980599,TRUE,nv,0.9999838,nv
81_aug2.jpg,81_aug2,81,other,0.9985531,TRUE,nv,0.99998325,nv
82.jpg,82,82,other,0.9637615,TRUE,nv,1,nv
82_aug1.jpg,82_aug1,82,other,0.9515369,TRUE,nv,1,nv
82_aug2.jpg,82_aug2,82,other,0.94463044,TRUE,nv,1,nv
83.jpg,83,83,other,0.99044687,TRUE,nv,0.5910105,nv
83_aug1.jpg,83_aug1,83,other,0.98596746,TRUE,nv,1,nv
83_aug2.jpg,83_aug2,83,other,0.9748096,TRUE,nv,0.9468705,nv
84.jpg,84,84,vasc,0.8519382,FALSE,,,vasc
84_aug1.jpg,84_aug1,84,vasc,0.86866295,FALSE,,,vasc
84_aug2.jpg,84_aug2,84,vasc,0.851559,FALSE,,,vasc
85.jpg,85,85,vasc,0.67572004,FALSE,,,vasc
85_aug1.jpg,85_aug1,85,vasc,0.51968735,FALSE,,,vasc
85_aug2.jpg,85_aug2,85,vasc,0.6962161,FALSE,,,vasc
86.jpg,86,86,other,0.99135274,TRUE,nv,0.9799579,nv
86_aug1.jpg,86_aug1,86,other,0.9916568,TRUE,nv,0.99079156,nv
86_aug2.jpg,86_aug2,86,other,0.9913263,TRUE,nv,0.94696164,nv
87.jpg,87,87,other,0.9740971,TRUE,mel,0.9979729,mel
87_aug1.jpg,87_aug1,87,other,0.97430885,TRUE,mel,0.99840885,mel
87_aug2.jpg,87_aug2,87,other,0.9720753,TRUE,mel,0.9995952,mel
88.jpg,88,88,other,0.97293216,TRUE,nv,0.98506093,nv
88_aug1.jpg,88_aug1,88,other,0.96775454,TRUE,nv,0.96296126,nv
88_aug2.jpg,88_aug2,88,other,0.94171834,TRUE,nv,0.9999872,nv
89.jpg,89,89,vasc,0.99136204,FALSE,,,vasc
89_aug1.jpg,89_aug1,89,vasc,0.99130726,FALSE,,,vasc
89_aug2.jpg,89_aug2,89,vasc,0.9901298,FALSE,,,vasc
9.jpg,9,9,vasc,0.9261762,FALSE,,,vasc
9_aug1.jpg,9_aug1,9,vasc,0.9300413,FALSE,,,vasc
9_aug2.jpg,9_aug2,9,vasc,0.93129855,FALSE,,,vasc
90.jpg,90,90,other,0.9939161,TRUE,nv,0.94688493,nv
90_aug1.jpg,90_aug1,90,other,0.99365413,TRUE,nv,0.98554796,nv
90_aug2.jpg,90_aug2,90,other,0.98027974,TRUE,nv,0.99281824,nv
91.jpg,91,91,other,0.9954638,TRUE,nv,0.5406403,nv
91_aug1.jpg,91_aug1,91,other,0.9948992,TRUE,nv,0.68085164,nv
91_aug2.jpg,91_aug2,91,other,0.99398416,TRUE,nv,0.5,nv
92.jpg,92,92,other,0.9984459,TRUE,mel,0.9997818,mel
92_aug1.jpg,92_aug1,92,other,0.9973739,TRUE,mel,0.9999929,mel
92_aug2.jpg,92_aug2,92,other,0.99852735,TRUE,mel,0.99898356,mel
93.jpg,93,93,other,0.9947876,TRUE,mel,0.9997452,mel
93_aug1.jpg,93_aug1,93,other,0.9746925,TRUE,mel,0.9999999,mel
93_aug2.jpg,93_aug2,93,other,0.99487925,TRUE,mel,0.99996644,mel
94.jpg,94,94,other,0.9826642,TRUE,nv,0.9677977,nv
94_aug1.jpg,94_aug1,94,other,0.98059154,TRUE,nv,0.9892046,nv
94_aug2.jpg,94_aug2,94,other,0.9827648,TRUE,nv,0.92499083,nv
95.jpg,95,95,other,0.9899263,TRUE,nv,0.9999975,nv
95_aug1.jpg,95_aug1,95,other,0.9899421,TRUE,nv,0.99999595,nv
95_aug2.jpg,95_aug2,95,other,0.9889818,TRUE,nv,0.99999416,nv
96.jpg,96,96,vasc,0.96455777,FALSE,,,vasc
96_aug1.jpg,96_aug1,96,vasc,0.851523,FALSE,,,vasc
96_aug2.jpg,96_aug2,96,vasc,0.96512467,FALSE,,,vasc
97.jpg,97,97,other,0.99546987,TRUE,nv,0.66351306,nv
97_aug1.jpg,97_aug1,97,other,0.995211,TRUE,nv,0.6287329,nv
97_aug2.jpg,97_aug2,97,other,0.9918474,TRUE,nv,0.63376075,nv
98.jpg,98,98,other,0.9951772,TRUE,nv,0.8419966,nv
98_aug1.jpg,98_aug1,98,other,0.9927664,TRUE,nv,0.8519793,nv
98_aug2.jpg,98_aug2,98,other,0.99377877,TRUE,nv,0.772882,nv
99.jpg,99,99,other,0.9930203,TRUE,nv,0.999997,nv
99_aug1.jpg,99_aug1,99,other,0.9925187,TRUE,nv,0.99462473,nv
99_aug2.jpg,99_aug2,99,other,0.9923026,TRUE,nv,0.99999714,nv
